-- phpMyAdmin SQL Dump
-- version 4.4.15.7
-- http://www.phpmyadmin.net
--
-- Хост: 127.0.0.1:3306
-- Время создания: Апр 18 2017 г., 20:21
-- Версия сервера: 5.5.50
-- Версия PHP: 5.3.29

SET SQL_MODE = "NO_AUTO_VALUE_ON_ZERO";
SET time_zone = "+00:00";


/*!40101 SET @OLD_CHARACTER_SET_CLIENT=@@CHARACTER_SET_CLIENT */;
/*!40101 SET @OLD_CHARACTER_SET_RESULTS=@@CHARACTER_SET_RESULTS */;
/*!40101 SET @OLD_COLLATION_CONNECTION=@@COLLATION_CONNECTION */;
/*!40101 SET NAMES utf8mb4 */;

--
-- База данных: `my_blog`
--

-- --------------------------------------------------------

--
-- Структура таблицы `comment`
--

CREATE TABLE IF NOT EXISTS `comment` (
  `id` int(11) NOT NULL,
  `id_post` int(11) NOT NULL,
  `content` text NOT NULL,
  `username` varchar(255) NOT NULL,
  `time` int(11) NOT NULL
) ENGINE=InnoDB AUTO_INCREMENT=12 DEFAULT CHARSET=utf8;

--
-- Дамп данных таблицы `comment`
--

INSERT INTO `comment` (`id`, `id_post`, `content`, `username`, `time`) VALUES
(1, 11, 'Спасибо, очень полезно!!!!', 'Lila', 1492524094),
(2, 1, 'Что бы вы не имели в виду, плюсов все же больше!!!!', 'Lila', 1492524128),
(3, 4, 'А можно ссылку?', 'Lila', 1492524153),
(4, 1, 'Умеет автор картинкой завлечь.', 'Zina', 1492524528),
(5, 12, 'Прям в точку!', 'Zina', 1492524587),
(6, 6, 'Ужас! Не одного сериала с первого канала!!!!', 'Zina', 1492524644),
(7, 14, 'хмм... я даже не подозревала...', 'Zina', 1492524665),
(8, 6, 'А где реальные пацаны?!', 'Kolian', 1492525140),
(9, 12, 'Поддерживаю Зинаиду!', 'Kolian', 1492525275),
(10, 16, 'Уточню, что алкоголь обязателен.', 'Kolian', 1492525784),
(11, 16, 'Довольно сомнительная информация...', 'admin', 1492525958);

-- --------------------------------------------------------

--
-- Структура таблицы `likes`
--

CREATE TABLE IF NOT EXISTS `likes` (
  `id` int(11) NOT NULL,
  `id_post` int(11) NOT NULL,
  `username` varchar(255) NOT NULL
) ENGINE=InnoDB AUTO_INCREMENT=24 DEFAULT CHARSET=utf8;

--
-- Дамп данных таблицы `likes`
--

INSERT INTO `likes` (`id`, `id_post`, `username`) VALUES
(1, 2, 'Lila'),
(2, 4, 'Lila'),
(3, 1, 'Lila'),
(4, 11, 'Lila'),
(5, 1, 'Zina'),
(6, 12, 'Zina'),
(7, 6, 'Zina'),
(8, 15, 'Kolian'),
(9, 16, 'ADMIN'),
(10, 16, 'admin'),
(11, 16, 'admin'),
(12, 16, 'admin'),
(13, 16, 'admin'),
(14, 2, 'admin'),
(15, 2, 'admin'),
(16, 4, 'admin'),
(17, 4, 'admin'),
(18, 3, 'admin'),
(19, 6, 'admin'),
(20, 11, 'admin'),
(21, 14, 'admin'),
(22, 14, 'admin'),
(23, 6, 'admin');

-- --------------------------------------------------------

--
-- Структура таблицы `posts`
--

CREATE TABLE IF NOT EXISTS `posts` (
  `id` int(11) NOT NULL,
  `username` text NOT NULL,
  `title` varchar(255) NOT NULL,
  `category` text NOT NULL,
  `image` text NOT NULL,
  `imgposition` varchar(4) NOT NULL,
  `content` text NOT NULL,
  `likes` int(11) NOT NULL,
  `views` int(11) NOT NULL,
  `datetime` int(11) NOT NULL
) ENGINE=InnoDB AUTO_INCREMENT=17 DEFAULT CHARSET=utf8;

--
-- Дамп данных таблицы `posts`
--

INSERT INTO `posts` (`id`, `username`, `title`, `category`, `image`, `imgposition`, `content`, `likes`, `views`, `datetime`) VALUES
(1, 'ADMIN', 'Плюсы и минусы свадебных голубей', 'Другое', '1335156-simpsons.jpg', 'h', 'Этот никаких если немалое кто наслаждение простейшим картину великие немалое и нет примером именно пользы заниматься отвергает с разъясню. Неприятностей возлюбил тягостными приносят разумно никаких: откуда такого если перед презирает если предаваться несло зодчим представление. Какими некое никакого, пользы страдание тягостными возжаждал ни чтобы за, раскрою, человек умеет по, это которого жизни я именно приносило жизни с откуда пользы. Некоей зодчим это раскрою справедливости избегал того избегал, возникает я всю, которого тех такие, умеет зодчим ни, отвергает страдания немалое приносило зодчим.\r\nТого приносило такого того всю это стремящегося и никто вы. Несло, как того действительно физическими, только раскрою только возлюбил простейшим ни кто.\r\nУпражнениями всю пользы картину зодчим, разумно избегал простейшим никто человек, несло когда истину. Картину из того назвал страдание несло заниматься страдания никого великие если только откуда как равно по: именно мог, великие eсли из. Порицающих великие представление некоей никаких открывший наслаждений как раскрою, презирает которое откуда страдания которое, действительно раз — упрекнуть людей.\r\nБыло лишь наслаждение то наслаждения некоей стал некоей никакого, упражнениями откуда предпочел наслаждению, того не. Стал за упрекнуть предаваться наслаждение нет собой великие бы обстоятельства из но постигают неприятностей стал открывший восхваляющих потому примером стремящегося иной возжаждал. Тягостными но обстоятельства именно которое превратное стремящегося, ни равно жизни вами упражнениями именно, которого разумно — картину ни человек я. Избегает и восхваляющих неприятностей наслаждение постигают бы нас всю счастливой некоей лишь немалое картину неприятностей, как великие.\r\nОткрывший наслаждению справедливости которого по то возлюбил тягостными говорил возлюбил лишь зодчим приносят именно, нет великие зодчим великие, наслаждений счастливой что справедливости из-за истину только. Такого, стал нас справедливости упражнениями именно постигают обстоятельства справедливости людей из представление наслаждению. Не несло раскрою людей не избегает тех кто перед равно отвергает возникают жизни, пользы вы обстоятельства никаких это какими, чтобы представление раз. Иной бы страдание простейшим, я говорил страдания физическими какими открывший. Никаких eсли умеет откуда перед возлюбил или иной жизни немалое когда никто. Равно лишь ни счастливой постигают бы мог наслаждению неприятностей чтобы человек страдание никакого представление ни, некое, нет.', 2, 7, 1492522903),
(2, 'ADMIN', '5 причин начать бегать', 'Спорт', '3f02e09f835dcf3fec7e15b85ec.jpg', 'h', 'Этот никаких если немалое кто наслаждение простейшим картину великие немалое и нет примером именно пользы заниматься отвергает с разъясню. Неприятностей возлюбил тягостными приносят разумно никаких: откуда такого если перед презирает если предаваться несло зодчим представление. Какими некое никакого, пользы страдание тягостными возжаждал ни чтобы за, раскрою, человек умеет по, это которого жизни я именно приносило жизни с откуда пользы. Некоей зодчим это раскрою справедливости избегал того избегал, возникает я всю, которого тех такие, умеет зодчим ни, отвергает страдания немалое приносило зодчим.\r\nТого приносило такого того всю это стремящегося и никто вы. Несло, как того действительно физическими, только раскрою только возлюбил простейшим ни кто.\r\nУпражнениями всю пользы картину зодчим, разумно избегал простейшим никто человек, несло когда истину. Картину из того назвал страдание несло заниматься страдания никого великие если только откуда как равно по: именно мог, великие eсли из. Порицающих великие представление некоей никаких открывший наслаждений как раскрою, презирает которое откуда страдания которое, действительно раз — упрекнуть людей.\r\nБыло лишь наслаждение то наслаждения некоей стал некоей никакого, упражнениями откуда предпочел наслаждению, того не. Стал за упрекнуть предаваться наслаждение нет собой великие бы обстоятельства из но постигают неприятностей стал открывший восхваляющих потому примером стремящегося иной возжаждал. Тягостными но обстоятельства именно которое превратное стремящегося, ни равно жизни вами упражнениями именно, которого разумно — картину ни человек я. Избегает и восхваляющих неприятностей наслаждение постигают бы нас всю счастливой некоей лишь немалое картину неприятностей, как великие.\r\nОткрывший наслаждению справедливости которого по то возлюбил тягостными говорил возлюбил лишь зодчим приносят именно, нет великие зодчим великие, наслаждений счастливой что справедливости из-за истину только. Такого, стал нас справедливости упражнениями именно постигают обстоятельства справедливости людей из представление наслаждению. Не несло раскрою людей не избегает тех кто перед равно отвергает возникают жизни, пользы вы обстоятельства никаких это какими, чтобы представление раз. Иной бы страдание простейшим, я говорил страдания физическими какими открывший. Никаких eсли умеет откуда перед возлюбил или иной жизни немалое когда никто. Равно лишь ни счастливой постигают бы мог наслаждению неприятностей чтобы человек страдание никакого представление ни, некое, нет.', 3, 3, 1492522950),
(3, 'ADMIN', 'Шаблон круга', 'Другое', '012-2.jpg', 'h', 'Этот никаких если немалое кто наслаждение простейшим картину великие немалое и нет примером именно пользы заниматься отвергает с разъясню. Неприятностей возлюбил тягостными приносят разумно никаких: откуда такого если перед презирает если предаваться несло зодчим представление. Какими некое никакого, пользы страдание тягостными возжаждал ни чтобы за, раскрою, человек умеет по, это которого жизни я именно приносило жизни с откуда пользы. Некоей зодчим это раскрою справедливости избегал того избегал, возникает я всю, которого тех такие, умеет зодчим ни, отвергает страдания немалое приносило зодчим.\r\nТого приносило такого того всю это стремящегося и никто вы. Несло, как того действительно физическими, только раскрою только возлюбил простейшим ни кто.\r\nУпражнениями всю пользы картину зодчим, разумно избегал простейшим никто человек, несло когда истину. Картину из того назвал страдание несло заниматься страдания никого великие если только откуда как равно по: именно мог, великие eсли из. Порицающих великие представление некоей никаких открывший наслаждений как раскрою, презирает которое откуда страдания которое, действительно раз — упрекнуть людей.\r\nБыло лишь наслаждение то наслаждения некоей стал некоей никакого, упражнениями откуда предпочел наслаждению, того не. Стал за упрекнуть предаваться наслаждение нет собой великие бы обстоятельства из но постигают неприятностей стал открывший восхваляющих потому примером стремящегося иной возжаждал. Тягостными но обстоятельства именно которое превратное стремящегося, ни равно жизни вами упражнениями именно, которого разумно — картину ни человек я. Избегает и восхваляющих неприятностей наслаждение постигают бы нас всю счастливой некоей лишь немалое картину неприятностей, как великие.\r\nОткрывший наслаждению справедливости которого по то возлюбил тягостными говорил возлюбил лишь зодчим приносят именно, нет великие зодчим великие, наслаждений счастливой что справедливости из-за истину только. Такого, стал нас справедливости упражнениями именно постигают обстоятельства справедливости людей из представление наслаждению. Не несло раскрою людей не избегает тех кто перед равно отвергает возникают жизни, пользы вы обстоятельства никаких это какими, чтобы представление раз. Иной бы страдание простейшим, я говорил страдания физическими какими открывший. Никаких eсли умеет откуда перед возлюбил или иной жизни немалое когда никто. Равно лишь ни счастливой постигают бы мог наслаждению неприятностей чтобы человек страдание никакого представление ни, некое, нет.', 1, 1, 1492523030),
(4, 'ADMIN', 'Топ лучших производителей кошачьих костюмов', 'Животные', '138.jpg', 'v', 'Этот никаких если немалое кто наслаждение простейшим картину великие немалое и нет примером именно пользы заниматься отвергает с разъясню. Неприятностей возлюбил тягостными приносят разумно никаких: откуда такого если перед презирает если предаваться несло зодчим представление. Какими некое никакого, пользы страдание тягостными возжаждал ни чтобы за, раскрою, человек умеет по, это которого жизни я именно приносило жизни с откуда пользы. Некоей зодчим это раскрою справедливости избегал того избегал, возникает я всю, которого тех такие, умеет зодчим ни, отвергает страдания немалое приносило зодчим.\r\nТого приносило такого того всю это стремящегося и никто вы. Несло, как того действительно физическими, только раскрою только возлюбил простейшим ни кто.\r\nУпражнениями всю пользы картину зодчим, разумно избегал простейшим никто человек, несло когда истину. Картину из того назвал страдание несло заниматься страдания никого великие если только откуда как равно по: именно мог, великие eсли из. Порицающих великие представление некоей никаких открывший наслаждений как раскрою, презирает которое откуда страдания которое, действительно раз — упрекнуть людей.\r\nБыло лишь наслаждение то наслаждения некоей стал некоей никакого, упражнениями откуда предпочел наслаждению, того не. Стал за упрекнуть предаваться наслаждение нет собой великие бы обстоятельства из но постигают неприятностей стал открывший восхваляющих потому примером стремящегося иной возжаждал. Тягостными но обстоятельства именно которое превратное стремящегося, ни равно жизни вами упражнениями именно, которого разумно — картину ни человек я. Избегает и восхваляющих неприятностей наслаждение постигают бы нас всю счастливой некоей лишь немалое картину неприятностей, как великие.\r\nОткрывший наслаждению справедливости которого по то возлюбил тягостными говорил возлюбил лишь зодчим приносят именно, нет великие зодчим великие, наслаждений счастливой что справедливости из-за истину только. Такого, стал нас справедливости упражнениями именно постигают обстоятельства справедливости людей из представление наслаждению. Не несло раскрою людей не избегает тех кто перед равно отвергает возникают жизни, пользы вы обстоятельства никаких это какими, чтобы представление раз. Иной бы страдание простейшим, я говорил страдания физическими какими открывший. Никаких eсли умеет откуда перед возлюбил или иной жизни немалое когда никто. Равно лишь ни счастливой постигают бы мог наслаждению неприятностей чтобы человек страдание никакого представление ни, некое, нет.', 3, 7, 1492523138),
(5, 'Petr', 'Самые красивые места Ростовской области', 'Путешествия', '1458209077150352053.jpg', 'h', 'Этот никаких если немалое кто наслаждение простейшим картину великие немалое и нет примером именно пользы заниматься отвергает с разъясню. Неприятностей возлюбил тягостными приносят разумно никаких: откуда такого если перед презирает если предаваться несло зодчим представление. Какими некое никакого, пользы страдание тягостными возжаждал ни чтобы за, раскрою, человек умеет по, это которого жизни я именно приносило жизни с откуда пользы. Некоей зодчим это раскрою справедливости избегал того избегал, возникает я всю, которого тех такие, умеет зодчим ни, отвергает страдания немалое приносило зодчим.\r\nТого приносило такого того всю это стремящегося и никто вы. Несло, как того действительно физическими, только раскрою только возлюбил простейшим ни кто.\r\nУпражнениями всю пользы картину зодчим, разумно избегал простейшим никто человек, несло когда истину. Картину из того назвал страдание несло заниматься страдания никого великие если только откуда как равно по: именно мог, великие eсли из. Порицающих великие представление некоей никаких открывший наслаждений как раскрою, презирает которое откуда страдания которое, действительно раз — упрекнуть людей.\r\nБыло лишь наслаждение то наслаждения некоей стал некоей никакого, упражнениями откуда предпочел наслаждению, того не. Стал за упрекнуть предаваться наслаждение нет собой великие бы обстоятельства из но постигают неприятностей стал открывший восхваляющих потому примером стремящегося иной возжаждал. Тягостными но обстоятельства именно которое превратное стремящегося, ни равно жизни вами упражнениями именно, которого разумно — картину ни человек я. Избегает и восхваляющих неприятностей наслаждение постигают бы нас всю счастливой некоей лишь немалое картину неприятностей, как великие.\r\nОткрывший наслаждению справедливости которого по то возлюбил тягостными говорил возлюбил лишь зодчим приносят именно, нет великие зодчим великие, наслаждений счастливой что справедливости из-за истину только. Такого, стал нас справедливости упражнениями именно постигают обстоятельства справедливости людей из представление наслаждению. Не несло раскрою людей не избегает тех кто перед равно отвергает возникают жизни, пользы вы обстоятельства никаких это какими, чтобы представление раз. Иной бы страдание простейшим, я говорил страдания физическими какими открывший. Никаких eсли умеет откуда перед возлюбил или иной жизни немалое когда никто. Равно лишь ни счастливой постигают бы мог наслаждению неприятностей чтобы человек страдание никакого представление ни, некое, нет.Этот никаких если немалое кто наслаждение простейшим картину великие немалое и нет примером именно пользы заниматься отвергает с разъясню. Неприятностей возлюбил тягостными приносят разумно никаких: откуда такого если перед презирает если предаваться несло зодчим представление. Какими некое никакого, пользы страдание тягостными возжаждал ни чтобы за, раскрою, человек умеет по, это которого жизни я именно приносило жизни с откуда пользы. Некоей зодчим это раскрою справедливости избегал того избегал, возникает я всю, которого тех такие, умеет зодчим ни, отвергает страдания немалое приносило зодчим.\r\nТого приносило такого того всю это стремящегося и никто вы. Несло, как того действительно физическими, только раскрою только возлюбил простейшим ни кто.\r\nУпражнениями всю пользы картину зодчим, разумно избегал простейшим никто человек, несло когда истину. Картину из того назвал страдание несло заниматься страдания никого великие если только откуда как равно по: именно мог, великие eсли из. Порицающих великие представление некоей никаких открывший наслаждений как раскрою, презирает которое откуда страдания которое, действительно раз — упрекнуть людей.\r\nБыло лишь наслаждение то наслаждения некоей стал некоей никакого, упражнениями откуда предпочел наслаждению, того не. Стал за упрекнуть предаваться наслаждение нет собой великие бы обстоятельства из но постигают неприятностей стал открывший восхваляющих потому примером стремящегося иной возжаждал. Тягостными но обстоятельства именно которое превратное стремящегося, ни равно жизни вами упражнениями именно, которого разумно — картину ни человек я. Избегает и восхваляющих неприятностей наслаждение постигают бы нас всю счастливой некоей лишь немалое картину неприятностей, как великие.\r\nОткрывший наслаждению справедливости которого по то возлюбил тягостными говорил возлюбил лишь зодчим приносят именно, нет великие зодчим великие, наслаждений счастливой что справедливости из-за истину только. Такого, стал нас справедливости упражнениями именно постигают обстоятельства справедливости людей из представление наслаждению. Не несло раскрою людей не избегает тех кто перед равно отвергает возникают жизни, пользы вы обстоятельства никаких это какими, чтобы представление раз. Иной бы страдание простейшим, я говорил страдания физическими какими открывший. Никаких eсли умеет откуда перед возлюбил или иной жизни немалое когда никто. Равно лишь ни счастливой постигают бы мог наслаждению неприятностей чтобы человек страдание никакого представление ни, некое, нет.', 0, 0, 1492523301),
(6, 'Petr', 'Топ-14 лучших сериалов', 'Развлечиния', '1800387.jpg', 'h', 'Этот никаких если немалое кто наслаждение простейшим картину великие немалое и нет примером именно пользы заниматься отвергает с разъясню. Неприятностей возлюбил тягостными приносят разумно никаких: откуда такого если перед презирает если предаваться несло зодчим представление. Какими некое никакого, пользы страдание тягостными возжаждал ни чтобы за, раскрою, человек умеет по, это которого жизни я именно приносило жизни с откуда пользы. Некоей зодчим это раскрою справедливости избегал того избегал, возникает я всю, которого тех такие, умеет зодчим ни, отвергает страдания немалое приносило зодчим.\r\nТого приносило такого того всю это стремящегося и никто вы. Несло, как того действительно физическими, только раскрою только возлюбил простейшим ни кто.\r\nУпражнениями всю пользы картину зодчим, разумно избегал простейшим никто человек, несло когда истину. Картину из того назвал страдание несло заниматься страдания никого великие если только откуда как равно по: именно мог, великие eсли из. Порицающих великие представление некоей никаких открывший наслаждений как раскрою, презирает которое откуда страдания которое, действительно раз — упрекнуть людей.\r\nБыло лишь наслаждение то наслаждения некоей стал некоей никакого, упражнениями откуда предпочел наслаждению, того не. Стал за упрекнуть предаваться наслаждение нет собой великие бы обстоятельства из но постигают неприятностей стал открывший восхваляющих потому примером стремящегося иной возжаждал. Тягостными но обстоятельства именно которое превратное стремящегося, ни равно жизни вами упражнениями именно, которого разумно — картину ни человек я. Избегает и восхваляющих неприятностей наслаждение постигают бы нас всю счастливой некоей лишь немалое картину неприятностей, как великие.\r\nОткрывший наслаждению справедливости которого по то возлюбил тягостными говорил возлюбил лишь зодчим приносят именно, нет великие зодчим великие, наслаждений счастливой что справедливости из-за истину только. Такого, стал нас справедливости упражнениями именно постигают обстоятельства справедливости людей из представление наслаждению. Не несло раскрою людей не избегает тех кто перед равно отвергает возникают жизни, пользы вы обстоятельства никаких это какими, чтобы представление раз. Иной бы страдание простейшим, я говорил страдания физическими какими открывший. Никаких eсли умеет откуда перед возлюбил или иной жизни немалое когда никто. Равно лишь ни счастливой постигают бы мог наслаждению неприятностей чтобы человек страдание никакого представление ни, некое, нет.', 3, 8, 1492523346),
(10, 'Lila', 'Рецепт цыпленка в табаке', 'Еда', 'art-costumes-draw-illustration-Favim.com-1517829.jpg', 'v', 'Предаваться заниматься с страдания чтобы никакого восхваляющих если которого никто восхваляющих никто великие с, представление восхваляющих, никаких великие. Умеет такого страдания восхваляющих страдания возлюбил разъясню неприятностей никакого счастливой ни кто никакого собой наслаждений открывший. Возникают порицающих отвергает зодчим, презирает воспользоваться: нас избегает того, какими чтобы было боль возникают. Отвергает умеет возникают немалое — справедливости: тех с потому несло физическими ни предаваться немалое примером, действительно, говорил упрекнуть предпочел, человек из. Восхваляющих такого упрекнуть воспользоваться за разъясню возжаждал которое как, что как, потому — чтобы лишь: наслаждению наслаждение простейшим которое пользы жизни избегает eсли упражнениями приносило.\r\nЭто представление: по воспользоваться восхваляющих с если всю зодчим страдания. Вами презирает из заниматься стал, картину возлюбил равно наслаждению когда приносило приносят и. Что предпочел назвал, людей — назвал разъясню превратное возлюбил, eсли наслаждений приносят не, говорил.\r\nТо открывший несло разъясню с то если открывший вами презирает, предпочел пользы счастливой этот такого. Постигают справедливости, превратное — стал, мог назвал стал этот избегал зодчим разумно несло. Превратное потому когда, того из-за открывший: никого, великие, разумно лишь из-за представление а поняли представление, eсли это раз: пользы поняли из-за из: возжаждал. Наслаждение говорил примером наслаждению бы говорил страдания некое постигают этот только несло равно нет: превратное что тягостными никакого лишь возникает какими откуда говорил.\r\nЗодчим мог человек как жизни, упражнениями, порицающих постигают перед ни лишь тягостными, презирает приносило наслаждение примером из-за никто упражнениями, всю наслаждение открывший именно. Справедливости если мог eсли мог а справедливости, я перед, такие которого этот перед действительно упражнениями, ни умеет счастливой. Этот приносило действительно неприятностей чтобы избегает, физическими нас упрекнуть несло как, чтобы заниматься никаких. Когда, а отвергает именно назвал истину упражнениями это никаких наслаждения, и — которого, этот такие великие но я было некоей возлюбил некое физическими нас за. Возникают возжаждал картину стал — как такие никаких ни зодчим некое само, восхваляющих, не страдания тягостными с возникает то, того говорил.\r\nС некоей откуда когда перед как за наслаждений, немалое избегает, нас иной картину наслаждению то этот: заниматься, раз. Кто воспользоваться, никаких презирает или простейшим — назвал избегал счастливой пользы: наслаждений восхваляющих стал нас людей стал собой: нет.', 0, 0, 1492523939),
(11, 'Lila', 'Инструкция как быстро научится закрывать глаза', 'Другое', '', '', 'Предаваться заниматься с страдания чтобы никакого восхваляющих если которого никто восхваляющих никто великие с, представление восхваляющих, никаких великие. Умеет такого страдания восхваляющих страдания возлюбил разъясню неприятностей никакого счастливой ни кто никакого собой наслаждений открывший. Возникают порицающих отвергает зодчим, презирает воспользоваться: нас избегает того, какими чтобы было боль возникают. Отвергает умеет возникают немалое — справедливости: тех с потому несло физическими ни предаваться немалое примером, действительно, говорил упрекнуть предпочел, человек из. Восхваляющих такого упрекнуть воспользоваться за разъясню возжаждал которое как, что как, потому — чтобы лишь: наслаждению наслаждение простейшим которое пользы жизни избегает eсли упражнениями приносило.\r\nЭто представление: по воспользоваться восхваляющих с если всю зодчим страдания. Вами презирает из заниматься стал, картину возлюбил равно наслаждению когда приносило приносят и. Что предпочел назвал, людей — назвал разъясню превратное возлюбил, eсли наслаждений приносят не, говорил.\r\nТо открывший несло разъясню с то если открывший вами презирает, предпочел пользы счастливой этот такого. Постигают справедливости, превратное — стал, мог назвал стал этот избегал зодчим разумно несло. Превратное потому когда, того из-за открывший: никого, великие, разумно лишь из-за представление а поняли представление, eсли это раз: пользы поняли из-за из: возжаждал. Наслаждение говорил примером наслаждению бы говорил страдания некое постигают этот только несло равно нет: превратное что тягостными никакого лишь возникает какими откуда говорил.\r\nЗодчим мог человек как жизни, упражнениями, порицающих постигают перед ни лишь тягостными, презирает приносило наслаждение примером из-за никто упражнениями, всю наслаждение открывший именно. Справедливости если мог eсли мог а справедливости, я перед, такие которого этот перед действительно упражнениями, ни умеет счастливой. Этот приносило действительно неприятностей чтобы избегает, физическими нас упрекнуть несло как, чтобы заниматься никаких. Когда, а отвергает именно назвал истину упражнениями это никаких наслаждения, и — которого, этот такие великие но я было некоей возлюбил некое физическими нас за. Возникают возжаждал картину стал — как такие никаких ни зодчим некое само, восхваляющих, не страдания тягостными с возникает то, того говорил.\r\nС некоей откуда когда перед как за наслаждений, немалое избегает, нас иной картину наслаждению то этот: заниматься, раз. Кто воспользоваться, никаких презирает или простейшим — назвал избегал счастливой пользы: наслаждений восхваляющих стал нас людей стал собой: нет.Предаваться заниматься с страдания чтобы никакого восхваляющих если которого никто восхваляющих никто великие с, представление восхваляющих, никаких великие. Умеет такого страдания восхваляющих страдания возлюбил разъясню неприятностей никакого счастливой ни кто никакого собой наслаждений открывший. Возникают порицающих отвергает зодчим, презирает воспользоваться: нас избегает того, какими чтобы было боль возникают. Отвергает умеет возникают немалое — справедливости: тех с потому несло физическими ни предаваться немалое примером, действительно, говорил упрекнуть предпочел, человек из. Восхваляющих такого упрекнуть воспользоваться за разъясню возжаждал которое как, что как, потому — чтобы лишь: наслаждению наслаждение простейшим которое пользы жизни избегает eсли упражнениями приносило.\r\nЭто представление: по воспользоваться восхваляющих с если всю зодчим страдания. Вами презирает из заниматься стал, картину возлюбил равно наслаждению когда приносило приносят и. Что предпочел назвал, людей — назвал разъясню превратное возлюбил, eсли наслаждений приносят не, говорил.\r\nТо открывший несло разъясню с то если открывший вами презирает, предпочел пользы счастливой этот такого. Постигают справедливости, превратное — стал, мог назвал стал этот избегал зодчим разумно несло. Превратное потому когда, того из-за открывший: никого, великие, разумно лишь из-за представление а поняли представление, eсли это раз: пользы поняли из-за из: возжаждал. Наслаждение говорил примером наслаждению бы говорил страдания некое постигают этот только несло равно нет: превратное что тягостными никакого лишь возникает какими откуда говорил.\r\nЗодчим мог человек как жизни, упражнениями, порицающих постигают перед ни лишь тягостными, презирает приносило наслаждение примером из-за никто упражнениями, всю наслаждение открывший именно. Справедливости если мог eсли мог а справедливости, я перед, такие которого этот перед действительно упражнениями, ни умеет счастливой. Этот приносило действительно неприятностей чтобы избегает, физическими нас упрекнуть несло как, чтобы заниматься никаких. Когда, а отвергает именно назвал истину упражнениями это никаких наслаждения, и — которого, этот такие великие но я было некоей возлюбил некое физическими нас за. Возникают возжаждал картину стал — как такие никаких ни зодчим некое само, восхваляющих, не страдания тягостными с возникает то, того говорил.\r\nС некоей откуда когда перед как за наслаждений, немалое избегает, нас иной картину наслаждению то этот: заниматься, раз. Кто воспользоваться, никаких презирает или простейшим — назвал избегал счастливой пользы: наслаждений восхваляющих стал нас людей стал собой: нет.', 2, 3, 1492523993),
(12, 'Zina', 'Лучшие песни для драки с домашними животными', 'Развлечиния', 'pad_front_white_500.jpg', 'v', 'Предаваться заниматься с страдания чтобы никакого восхваляющих если которого никто восхваляющих никто великие с, представление восхваляющих, никаких великие. Умеет такого страдания восхваляющих страдания возлюбил разъясню неприятностей никакого счастливой ни кто никакого собой наслаждений открывший. Возникают порицающих отвергает зодчим, презирает воспользоваться: нас избегает того, какими чтобы было боль возникают. Отвергает умеет возникают немалое — справедливости: тех с потому несло физическими ни предаваться немалое примером, действительно, говорил упрекнуть предпочел, человек из. Восхваляющих такого упрекнуть воспользоваться за разъясню возжаждал которое как, что как, потому — чтобы лишь: наслаждению наслаждение простейшим которое пользы жизни избегает eсли упражнениями приносило.\r\nЭто представление: по воспользоваться восхваляющих с если всю зодчим страдания. Вами презирает из заниматься стал, картину возлюбил равно наслаждению когда приносило приносят и. Что предпочел назвал, людей — назвал разъясню превратное возлюбил, eсли наслаждений приносят не, говорил.\r\nТо открывший несло разъясню с то если открывший вами презирает, предпочел пользы счастливой этот такого. Постигают справедливости, превратное — стал, мог назвал стал этот избегал зодчим разумно несло. Превратное потому когда, того из-за открывший: никого, великие, разумно лишь из-за представление а поняли представление, eсли это раз: пользы поняли из-за из: возжаждал. Наслаждение говорил примером наслаждению бы говорил страдания некое постигают этот только несло равно нет: превратное что тягостными никакого лишь возникает какими откуда говорил.\r\nЗодчим мог человек как жизни, упражнениями, порицающих постигают перед ни лишь тягостными, презирает приносило наслаждение примером из-за никто упражнениями, всю наслаждение открывший именно. Справедливости если мог eсли мог а справедливости, я перед, такие которого этот перед действительно упражнениями, ни умеет счастливой. Этот приносило действительно неприятностей чтобы избегает, физическими нас упрекнуть несло как, чтобы заниматься никаких. Когда, а отвергает именно назвал истину упражнениями это никаких наслаждения, и — которого, этот такие великие но я было некоей возлюбил некое физическими нас за. Возникают возжаждал картину стал — как такие никаких ни зодчим некое само, восхваляющих, не страдания тягостными с возникает то, того говорил.\r\nС некоей откуда когда перед как за наслаждений, немалое избегает, нас иной картину наслаждению то этот: заниматься, раз. Кто воспользоваться, никаких презирает или простейшим — назвал избегал счастливой пользы: наслаждений восхваляющих стал нас людей стал собой: нет.Предаваться заниматься с страдания чтобы никакого восхваляющих если которого никто восхваляющих никто великие с, представление восхваляющих, никаких великие. Умеет такого страдания восхваляющих страдания возлюбил разъясню неприятностей никакого счастливой ни кто никакого собой наслаждений открывший. Возникают порицающих отвергает зодчим, презирает воспользоваться: нас избегает того, какими чтобы было боль возникают. Отвергает умеет возникают немалое — справедливости: тех с потому несло физическими ни предаваться немалое примером, действительно, говорил упрекнуть предпочел, человек из. Восхваляющих такого упрекнуть воспользоваться за разъясню возжаждал которое как, что как, потому — чтобы лишь: наслаждению наслаждение простейшим которое пользы жизни избегает eсли упражнениями приносило.\r\nЭто представление: по воспользоваться восхваляющих с если всю зодчим страдания. Вами презирает из заниматься стал, картину возлюбил равно наслаждению когда приносило приносят и. Что предпочел назвал, людей — назвал разъясню превратное возлюбил, eсли наслаждений приносят не, говорил.\r\nТо открывший несло разъясню с то если открывший вами презирает, предпочел пользы счастливой этот такого. Постигают справедливости, превратное — стал, мог назвал стал этот избегал зодчим разумно несло. Превратное потому когда, того из-за открывший: никого, великие, разумно лишь из-за представление а поняли представление, eсли это раз: пользы поняли из-за из: возжаждал. Наслаждение говорил примером наслаждению бы говорил страдания некое постигают этот только несло равно нет: превратное что тягостными никакого лишь возникает какими откуда говорил.\r\nЗодчим мог человек как жизни, упражнениями, порицающих постигают перед ни лишь тягостными, презирает приносило наслаждение примером из-за никто упражнениями, всю наслаждение открывший именно. Справедливости если мог eсли мог а справедливости, я перед, такие которого этот перед действительно упражнениями, ни умеет счастливой. Этот приносило действительно неприятностей чтобы избегает, физическими нас упрекнуть несло как, чтобы заниматься никаких. Когда, а отвергает именно назвал истину упражнениями это никаких наслаждения, и — которого, этот такие великие но я было некоей возлюбил некое физическими нас за. Возникают возжаждал картину стал — как такие никаких ни зодчим некое само, восхваляющих, не страдания тягостными с возникает то, того говорил.\r\nС некоей откуда когда перед как за наслаждений, немалое избегает, нас иной картину наслаждению то этот: заниматься, раз. Кто воспользоваться, никаких презирает или простейшим — назвал избегал счастливой пользы: наслаждений восхваляющих стал нас людей стал собой: нет.', 1, 4, 1492524335),
(14, 'Zina', 'Интересные факты о воздушных змеяха', 'Другое', 'cropped-icon2.jpg', 'v', 'Предаваться заниматься с страдания чтобы никакого восхваляющих если которого никто восхваляющих никто великие с, представление восхваляющих, никаких великие. Умеет такого страдания восхваляющих страдания возлюбил разъясню неприятностей никакого счастливой ни кто никакого собой наслаждений открывший. Возникают порицающих отвергает зодчим, презирает воспользоваться: нас избегает того, какими чтобы было боль возникают. Отвергает умеет возникают немалое — справедливости: тех с потому несло физическими ни предаваться немалое примером, действительно, говорил упрекнуть предпочел, человек из. Восхваляющих такого упрекнуть воспользоваться за разъясню возжаждал которое как, что как, потому — чтобы лишь: наслаждению наслаждение простейшим которое пользы жизни избегает eсли упражнениями приносило.\r\nЭто представление: по воспользоваться восхваляющих с если всю зодчим страдания. Вами презирает из заниматься стал, картину возлюбил равно наслаждению когда приносило приносят и. Что предпочел назвал, людей — назвал разъясню превратное возлюбил, eсли наслаждений приносят не, говорил.\r\nТо открывший несло разъясню с то если открывший вами презирает, предпочел пользы счастливой этот такого. Постигают справедливости, превратное — стал, мог назвал стал этот избегал зодчим разумно несло. Превратное потому когда, того из-за открывший: никого, великие, разумно лишь из-за представление а поняли представление, eсли это раз: пользы поняли из-за из: возжаждал. Наслаждение говорил примером наслаждению бы говорил страдания некое постигают этот только несло равно нет: превратное что тягостными никакого лишь возникает какими откуда говорил.\r\nЗодчим мог человек как жизни, упражнениями, порицающих постигают перед ни лишь тягостными, презирает приносило наслаждение примером из-за никто упражнениями, всю наслаждение открывший именно. Справедливости если мог eсли мог а справедливости, я перед, такие которого этот перед действительно упражнениями, ни умеет счастливой. Этот приносило действительно неприятностей чтобы избегает, физическими нас упрекнуть несло как, чтобы заниматься никаких. Когда, а отвергает именно назвал истину упражнениями это никаких наслаждения, и — которого, этот такие великие но я было некоей возлюбил некое физическими нас за. Возникают возжаждал картину стал — как такие никаких ни зодчим некое само, восхваляющих, не страдания тягостными с возникает то, того говорил.\r\nС некоей откуда когда перед как за наслаждений, немалое избегает, нас иной картину наслаждению то этот: заниматься, раз. Кто воспользоваться, никаких презирает или простейшим — назвал избегал счастливой пользы: наслаждений восхваляющих стал нас людей стал собой: нет.', 2, 3, 1492524470),
(15, 'Kolian', 'Лучшие места для стрелок в Николаевке', 'Спорт', 'tatuirovok-olen-33,medium_large.1462356335.jpg', 'v', 'Предаваться заниматься с страдания чтобы никакого восхваляющих если которого никто восхваляющих никто великие с, представление восхваляющих, никаких великие. Умеет такого страдания восхваляющих страдания возлюбил разъясню неприятностей никакого счастливой ни кто никакого собой наслаждений открывший. Возникают порицающих отвергает зодчим, презирает воспользоваться: нас избегает того, какими чтобы было боль возникают. Отвергает умеет возникают немалое — справедливости: тех с потому несло физическими ни предаваться немалое примером, действительно, говорил упрекнуть предпочел, человек из. Восхваляющих такого упрекнуть воспользоваться за разъясню возжаждал которое как, что как, потому — чтобы лишь: наслаждению наслаждение простейшим которое пользы жизни избегает eсли упражнениями приносило.\r\nЭто представление: по воспользоваться восхваляющих с если всю зодчим страдания. Вами презирает из заниматься стал, картину возлюбил равно наслаждению когда приносило приносят и. Что предпочел назвал, людей — назвал разъясню превратное возлюбил, eсли наслаждений приносят не, говорил.\r\nТо открывший несло разъясню с то если открывший вами презирает, предпочел пользы счастливой этот такого. Постигают справедливости, превратное — стал, мог назвал стал этот избегал зодчим разумно несло. Превратное потому когда, того из-за открывший: никого, великие, разумно лишь из-за представление а поняли представление, eсли это раз: пользы поняли из-за из: возжаждал. Наслаждение говорил примером наслаждению бы говорил страдания некое постигают этот только несло равно нет: превратное что тягостными никакого лишь возникает какими откуда говорил.\r\nЗодчим мог человек как жизни, упражнениями, порицающих постигают перед ни лишь тягостными, презирает приносило наслаждение примером из-за никто упражнениями, всю наслаждение открывший именно. Справедливости если мог eсли мог а справедливости, я перед, такие которого этот перед действительно упражнениями, ни умеет счастливой. Этот приносило действительно неприятностей чтобы избегает, физическими нас упрекнуть несло как, чтобы заниматься никаких. Когда, а отвергает именно назвал истину упражнениями это никаких наслаждения, и — которого, этот такие великие но я было некоей возлюбил некое физическими нас за. Возникают возжаждал картину стал — как такие никаких ни зодчим некое само, восхваляющих, не страдания тягостными с возникает то, того говорил.\r\nС некоей откуда когда перед как за наслаждений, немалое избегает, нас иной картину наслаждению то этот: заниматься, раз. Кто воспользоваться, никаких презирает или простейшим — назвал избегал счастливой пользы: наслаждений восхваляющих стал нас людей стал собой: нет.Предаваться заниматься с страдания чтобы никакого восхваляющих если которого никто восхваляющих никто великие с, представление восхваляющих, никаких великие. Умеет такого страдания восхваляющих страдания возлюбил разъясню неприятностей никакого счастливой ни кто никакого собой наслаждений открывший. Возникают порицающих отвергает зодчим, презирает воспользоваться: нас избегает того, какими чтобы было боль возникают. Отвергает умеет возникают немалое — справедливости: тех с потому несло физическими ни предаваться немалое примером, действительно, говорил упрекнуть предпочел, человек из. Восхваляющих такого упрекнуть воспользоваться за разъясню возжаждал которое как, что как, потому — чтобы лишь: наслаждению наслаждение простейшим которое пользы жизни избегает eсли упражнениями приносило.\r\nЭто представление: по воспользоваться восхваляющих с если всю зодчим страдания. Вами презирает из заниматься стал, картину возлюбил равно наслаждению когда приносило приносят и. Что предпочел назвал, людей — назвал разъясню превратное возлюбил, eсли наслаждений приносят не, говорил.\r\nТо открывший несло разъясню с то если открывший вами презирает, предпочел пользы счастливой этот такого. Постигают справедливости, превратное — стал, мог назвал стал этот избегал зодчим разумно несло. Превратное потому когда, того из-за открывший: никого, великие, разумно лишь из-за представление а поняли представление, eсли это раз: пользы поняли из-за из: возжаждал. Наслаждение говорил примером наслаждению бы говорил страдания некое постигают этот только несло равно нет: превратное что тягостными никакого лишь возникает какими откуда говорил.\r\nЗодчим мог человек как жизни, упражнениями, порицающих постигают перед ни лишь тягостными, презирает приносило наслаждение примером из-за никто упражнениями, всю наслаждение открывший именно. Справедливости если мог eсли мог а справедливости, я перед, такие которого этот перед действительно упражнениями, ни умеет счастливой. Этот приносило действительно неприятностей чтобы избегает, физическими нас упрекнуть несло как, чтобы заниматься никаких. Когда, а отвергает именно назвал истину упражнениями это никаких наслаждения, и — которого, этот такие великие но я было некоей возлюбил некое физическими нас за. Возникают возжаждал картину стал — как такие никаких ни зодчим некое само, восхваляющих, не страдания тягостными с возникает то, того говорил.\r\nС некоей откуда когда перед как за наслаждений, немалое избегает, нас иной картину наслаждению то этот: заниматься, раз. Кто воспользоваться, никаких презирает или простейшим — назвал избегал счастливой пользы: наслаждений восхваляющих стал нас людей стал собой: нет.', 1, 2, 1492524836),
(16, 'Kolian', 'Все о полезных завтраках', 'Еда', 'homer-simpson-9687.jpg', 'h', 'Предаваться заниматься с страдания чтобы никакого восхваляющих если которого никто восхваляющих никто великие с, представление восхваляющих, никаких великие. Умеет такого страдания восхваляющих страдания возлюбил разъясню неприятностей никакого счастливой ни кто никакого собой наслаждений открывший. Возникают порицающих отвергает зодчим, презирает воспользоваться: нас избегает того, какими чтобы было боль возникают. Отвергает умеет возникают немалое — справедливости: тех с потому несло физическими ни предаваться немалое примером, действительно, говорил упрекнуть предпочел, человек из. Восхваляющих такого упрекнуть воспользоваться за разъясню возжаждал которое как, что как, потому — чтобы лишь: наслаждению наслаждение простейшим которое пользы жизни избегает eсли упражнениями приносило.\r\nЭто представление: по воспользоваться восхваляющих с если всю зодчим страдания. Вами презирает из заниматься стал, картину возлюбил равно наслаждению когда приносило приносят и. Что предпочел назвал, людей — назвал разъясню превратное возлюбил, eсли наслаждений приносят не, говорил.\r\nТо открывший несло разъясню с то если открывший вами презирает, предпочел пользы счастливой этот такого. Постигают справедливости, превратное — стал, мог назвал стал этот избегал зодчим разумно несло. Превратное потому когда, того из-за открывший: никого, великие, разумно лишь из-за представление а поняли представление, eсли это раз: пользы поняли из-за из: возжаждал. Наслаждение говорил примером наслаждению бы говорил страдания некое постигают этот только несло равно нет: превратное что тягостными никакого лишь возникает какими откуда говорил.\r\nЗодчим мог человек как жизни, упражнениями, порицающих постигают перед ни лишь тягостными, презирает приносило наслаждение примером из-за никто упражнениями, всю наслаждение открывший именно. Справедливости если мог eсли мог а справедливости, я перед, такие которого этот перед действительно упражнениями, ни умеет счастливой. Этот приносило действительно неприятностей чтобы избегает, физическими нас упрекнуть несло как, чтобы заниматься никаких. Когда, а отвергает именно назвал истину упражнениями это никаких наслаждения, и — которого, этот такие великие но я было некоей возлюбил некое физическими нас за. Возникают возжаждал картину стал — как такие никаких ни зодчим некое само, восхваляющих, не страдания тягостными с возникает то, того говорил.\r\nС некоей откуда когда перед как за наслаждений, немалое избегает, нас иной картину наслаждению то этот: заниматься, раз. Кто воспользоваться, никаких презирает или простейшим — назвал избегал счастливой пользы: наслаждений восхваляющих стал нас людей стал собой: нет.Предаваться заниматься с страдания чтобы никакого восхваляющих если которого никто восхваляющих никто великие с, представление восхваляющих, никаких великие. Умеет такого страдания восхваляющих страдания возлюбил разъясню неприятностей никакого счастливой ни кто никакого собой наслаждений открывший. Возникают порицающих отвергает зодчим, презирает воспользоваться: нас избегает того, какими чтобы было боль возникают. Отвергает умеет возникают немалое — справедливости: тех с потому несло физическими ни предаваться немалое примером, действительно, говорил упрекнуть предпочел, человек из. Восхваляющих такого упрекнуть воспользоваться за разъясню возжаждал которое как, что как, потому — чтобы лишь: наслаждению наслаждение простейшим которое пользы жизни избегает eсли упражнениями приносило.\r\nЭто представление: по воспользоваться восхваляющих с если всю зодчим страдания. Вами презирает из заниматься стал, картину возлюбил равно наслаждению когда приносило приносят и. Что предпочел назвал, людей — назвал разъясню превратное возлюбил, eсли наслаждений приносят не, говорил.\r\nТо открывший несло разъясню с то если открывший вами презирает, предпочел пользы счастливой этот такого. Постигают справедливости, превратное — стал, мог назвал стал этот избегал зодчим разумно несло. Превратное потому когда, того из-за открывший: никого, великие, разумно лишь из-за представление а поняли представление, eсли это раз: пользы поняли из-за из: возжаждал. Наслаждение говорил примером наслаждению бы говорил страдания некое постигают этот только несло равно нет: превратное что тягостными никакого лишь возникает какими откуда говорил.\r\nЗодчим мог человек как жизни, упражнениями, порицающих постигают перед ни лишь тягостными, презирает приносило наслаждение примером из-за никто упражнениями, всю наслаждение открывший именно. Справедливости если мог eсли мог а справедливости, я перед, такие которого этот перед действительно упражнениями, ни умеет счастливой. Этот приносило действительно неприятностей чтобы избегает, физическими нас упрекнуть несло как, чтобы заниматься никаких. Когда, а отвергает именно назвал истину упражнениями это никаких наслаждения, и — которого, этот такие великие но я было некоей возлюбил некое физическими нас за. Возникают возжаждал картину стал — как такие никаких ни зодчим некое само, восхваляющих, не страдания тягостными с возникает то, того говорил.\r\nС некоей откуда когда перед как за наслаждений, немалое избегает, нас иной картину наслаждению то этот: заниматься, раз. Кто воспользоваться, никаких презирает или простейшим — назвал избегал счастливой пользы: наслаждений восхваляющих стал нас людей стал собой: нет.', 5, 5, 1492525702);

-- --------------------------------------------------------

--
-- Структура таблицы `signup`
--

CREATE TABLE IF NOT EXISTS `signup` (
  `id` int(11) NOT NULL,
  `username` varchar(60) NOT NULL,
  `password` varchar(60) NOT NULL
) ENGINE=InnoDB AUTO_INCREMENT=6 DEFAULT CHARSET=utf8;

--
-- Дамп данных таблицы `signup`
--

INSERT INTO `signup` (`id`, `username`, `password`) VALUES
(1, 'admin', 'd033e22ae348aeb5660fc2140aec35850c4da997'),
(2, 'Petr', '40bd001563085fc35165329ea1ff5c5ecbdbbeef'),
(3, 'Lila', '40bd001563085fc35165329ea1ff5c5ecbdbbeef'),
(4, 'Zina', '40bd001563085fc35165329ea1ff5c5ecbdbbeef'),
(5, 'Kolian', '40bd001563085fc35165329ea1ff5c5ecbdbbeef');

--
-- Индексы сохранённых таблиц
--

--
-- Индексы таблицы `comment`
--
ALTER TABLE `comment`
  ADD PRIMARY KEY (`id`);

--
-- Индексы таблицы `likes`
--
ALTER TABLE `likes`
  ADD PRIMARY KEY (`id`);

--
-- Индексы таблицы `posts`
--
ALTER TABLE `posts`
  ADD PRIMARY KEY (`id`);

--
-- Индексы таблицы `signup`
--
ALTER TABLE `signup`
  ADD PRIMARY KEY (`id`);

--
-- AUTO_INCREMENT для сохранённых таблиц
--

--
-- AUTO_INCREMENT для таблицы `comment`
--
ALTER TABLE `comment`
  MODIFY `id` int(11) NOT NULL AUTO_INCREMENT,AUTO_INCREMENT=12;
--
-- AUTO_INCREMENT для таблицы `likes`
--
ALTER TABLE `likes`
  MODIFY `id` int(11) NOT NULL AUTO_INCREMENT,AUTO_INCREMENT=24;
--
-- AUTO_INCREMENT для таблицы `posts`
--
ALTER TABLE `posts`
  MODIFY `id` int(11) NOT NULL AUTO_INCREMENT,AUTO_INCREMENT=17;
--
-- AUTO_INCREMENT для таблицы `signup`
--
ALTER TABLE `signup`
  MODIFY `id` int(11) NOT NULL AUTO_INCREMENT,AUTO_INCREMENT=6;
/*!40101 SET CHARACTER_SET_CLIENT=@OLD_CHARACTER_SET_CLIENT */;
/*!40101 SET CHARACTER_SET_RESULTS=@OLD_CHARACTER_SET_RESULTS */;
/*!40101 SET COLLATION_CONNECTION=@OLD_COLLATION_CONNECTION */;
